{
    "Tokens Exposed": 13057409024,
    "Steps Trained": 796961,
    "Epochs": 1.444403653097347,
    "Best Loss": 2.736176013946533,
    "Time Spent Training": 347.8406505584717,
    "Model Path": "GPT2-exploration/models/gpt-2/gpt-2.pth",
    "Batch Size": 16
}