{
    "Tokens Exposed": 2932375552,
    "Steps Trained": 178978,
    "Epochs": 0.3243778265486725,
    "Best Loss": 2.616032600402832,
    "Time Spent Training": 22.194265127182007,
    "Model Path": "GPT2-exploration/models/gpt-2/gpt-2.pth",
    "Batch Size": 16
}